player,player_opponent,win_prob_mean
Daniil Medvedev,Arthur Fils,0.9479894489049911
Daniil Medvedev,Grigor Dimitrov,0.8011898547410965
Daniil Medvedev,Lorenzo Musetti,0.8664957880973816
Daniil Medvedev,J J Wolf,0.9041310697793961
Daniil Medvedev,Jiri Lehecka,0.9193912148475647
Daniil Medvedev,Roman Safiullin,0.9358653128147125
Daniil Medvedev,Karen Khachanov,0.7158425748348236
Daniil Medvedev,Stefanos Tsitsipas,0.5259165614843369
Daniil Medvedev,Dominic Thiem,0.866925984621048
Daniil Medvedev,Aleksandar Vukic,0.9308645129203796
Daniil Medvedev,Tomas Machac,0.9432285726070404
Daniil Medvedev,Aslan Karatsev,0.826771005988121
Daniil Medvedev,Borna Gojo,0.9308079928159714
Daniil Medvedev,Alexandre Muller,0.9526531100273132
Daniil Medvedev,Tommy Paul,0.7231368869543076
Daniil Medvedev,Alexander Zverev,0.5358387976884842
Daniil Medvedev,Sebastian Ofner,0.9517149478197098
Daniil Medvedev,Cameron Norrie,0.7030252367258072
Daniil Medvedev,Filip Misolic,0.9511862844228745
Daniil Medvedev,Albert Ramos,0.9188181012868881
Daniil Medvedev,Matteo Arnaldi,0.9482432156801224
Daniil Medvedev,Alexei Popyrin,0.9009235799312592
Daniil Medvedev,Andrey Rublev,0.49534018337726593
Daniil Medvedev,Frances Tiafoe,0.7678638845682144
Daniil Medvedev,Daniel Evans,0.7711975276470184
Daniil Medvedev,Gael Monfils,0.8376742750406265
Daniil Medvedev,Daniel Altmaier,0.9386880546808243
Daniil Medvedev,Lorenzo Sonego,0.8785932511091232
Daniil Medvedev,Francisco Cerundolo,0.9204790592193604
Daniil Medvedev,Ben Shelton,0.9250907748937607
Daniil Medvedev,Jannik Sinner,0.5315768420696259
Arthur Fils,Daniil Medvedev,0.05201055109500885
Arthur Fils,Grigor Dimitrov,0.20174327492713928
Arthur Fils,Lorenzo Musetti,0.2675543576478958
Arthur Fils,J J Wolf,0.33622412383556366
Arthur Fils,Jiri Lehecka,0.35500606894493103
Arthur Fils,Roman Safiullin,0.4146255552768707
Arthur Fils,Karen Khachanov,0.14739269018173218
Arthur Fils,Stefanos Tsitsipas,0.07076460123062134
Arthur Fils,Dominic Thiem,0.23441888391971588
Arthur Fils,Aleksandar Vukic,0.39048053324222565
Arthur Fils,Tomas Machac,0.4493260383605957
Arthur Fils,Aslan Karatsev,0.21389193832874298
Arthur Fils,Borna Gojo,0.3471188247203827
Arthur Fils,Alexandre Muller,0.5603541731834412
Arthur Fils,Tommy Paul,0.15637215971946716
Arthur Fils,Alexander Zverev,0.0754588395357132
Arthur Fils,Sebastian Ofner,0.5154277980327606
Arthur Fils,Cameron Norrie,0.19244340062141418
Arthur Fils,Filip Misolic,0.48211824893951416
Arthur Fils,Albert Ramos,0.44976772367954254
Arthur Fils,Matteo Arnaldi,0.4725353270769119
Arthur Fils,Alexei Popyrin,0.3367120623588562
Arthur Fils,Andrey Rublev,0.04411326348781586
Arthur Fils,Frances Tiafoe,0.22112400829792023
Arthur Fils,Daniel Evans,0.1818142533302307
Arthur Fils,Gael Monfils,0.23116038739681244
Arthur Fils,Daniel Altmaier,0.4594787508249283
Arthur Fils,Lorenzo Sonego,0.3705490380525589
Arthur Fils,Francisco Cerundolo,0.3721136748790741
Arthur Fils,Ben Shelton,0.3315148651599884
Arthur Fils,Jannik Sinner,0.07831595838069916
Grigor Dimitrov,Daniil Medvedev,0.1988101452589035
Grigor Dimitrov,Arthur Fils,0.7982567250728607
Grigor Dimitrov,Lorenzo Musetti,0.6165165603160858
Grigor Dimitrov,J J Wolf,0.6870231628417969
Grigor Dimitrov,Jiri Lehecka,0.7194730043411255
Grigor Dimitrov,Roman Safiullin,0.7606956511735916
Grigor Dimitrov,Karen Khachanov,0.40171125531196594
Grigor Dimitrov,Stefanos Tsitsipas,0.25582703948020935
Grigor Dimitrov,Dominic Thiem,0.5889330953359604
Grigor Dimitrov,Aleksandar Vukic,0.745805561542511
Grigor Dimitrov,Tomas Machac,0.7826534956693649
Grigor Dimitrov,Aslan Karatsev,0.5317203253507614
Grigor Dimitrov,Borna Gojo,0.7403404861688614
Grigor Dimitrov,Alexandre Muller,0.8159881979227066
Grigor Dimitrov,Tommy Paul,0.41622021794319153
Grigor Dimitrov,Alexander Zverev,0.27120356261730194
Grigor Dimitrov,Sebastian Ofner,0.810843214392662
Grigor Dimitrov,Cameron Norrie,0.44615882635116577
Grigor Dimitrov,Filip Misolic,0.8057941049337387
Grigor Dimitrov,Albert Ramos,0.7427609413862228
Grigor Dimitrov,Matteo Arnaldi,0.7976173162460327
Grigor Dimitrov,Alexei Popyrin,0.6913260072469711
Grigor Dimitrov,Andrey Rublev,0.17751508951187134
Grigor Dimitrov,Frances Tiafoe,0.4858841001987457
Grigor Dimitrov,Daniel Evans,0.45753979682922363
Grigor Dimitrov,Gael Monfils,0.5522829592227936
Grigor Dimitrov,Daniel Altmaier,0.777160108089447
Grigor Dimitrov,Lorenzo Sonego,0.6781356185674667
Grigor Dimitrov,Francisco Cerundolo,0.7258032411336899
Grigor Dimitrov,Ben Shelton,0.7248823940753937
Grigor Dimitrov,Jannik Sinner,0.2650723457336426
Lorenzo Musetti,Daniil Medvedev,0.1335042119026184
Lorenzo Musetti,Arthur Fils,0.7324456423521042
Lorenzo Musetti,Grigor Dimitrov,0.3834834396839142
Lorenzo Musetti,J J Wolf,0.599899098277092
Lorenzo Musetti,Jiri Lehecka,0.6282338201999664
Lorenzo Musetti,Roman Safiullin,0.6838172972202301
Lorenzo Musetti,Karen Khachanov,0.31227773427963257
Lorenzo Musetti,Stefanos Tsitsipas,0.1752561777830124
Lorenzo Musetti,Dominic Thiem,0.45145556330680847
Lorenzo Musetti,Aleksandar Vukic,0.6635670959949493
Lorenzo Musetti,Tomas Machac,0.7111240476369858
Lorenzo Musetti,Aslan Karatsev,0.40124839544296265
Lorenzo Musetti,Borna Gojo,0.643108606338501
Lorenzo Musetti,Alexandre Muller,0.7554691880941391
Lorenzo Musetti,Tommy Paul,0.32595394551754
Lorenzo Musetti,Alexander Zverev,0.1867462694644928
Lorenzo Musetti,Sebastian Ofner,0.7475011348724365
Lorenzo Musetti,Cameron Norrie,0.36769935488700867
Lorenzo Musetti,Filip Misolic,0.7387631684541702
Lorenzo Musetti,Albert Ramos,0.6691441237926483
Lorenzo Musetti,Matteo Arnaldi,0.729194849729538
Lorenzo Musetti,Alexei Popyrin,0.597443237900734
Lorenzo Musetti,Andrey Rublev,0.11580856144428253
Lorenzo Musetti,Frances Tiafoe,0.40366317331790924
Lorenzo Musetti,Daniel Evans,0.3587081730365753
Lorenzo Musetti,Gael Monfils,0.424131840467453
Lorenzo Musetti,Daniel Altmaier,0.7044445276260376
Lorenzo Musetti,Lorenzo Sonego,0.601644366979599
Lorenzo Musetti,Francisco Cerundolo,0.637113407254219
Lorenzo Musetti,Ben Shelton,0.6213280260562897
Lorenzo Musetti,Jannik Sinner,0.18753159046173096
J J Wolf,Daniil Medvedev,0.09586893022060394
J J Wolf,Arthur Fils,0.6637758761644363
J J Wolf,Grigor Dimitrov,0.3129768371582031
J J Wolf,Lorenzo Musetti,0.400100901722908
J J Wolf,Jiri Lehecka,0.5241836756467819
J J Wolf,Roman Safiullin,0.5886745452880859
J J Wolf,Karen Khachanov,0.24098056554794312
J J Wolf,Stefanos Tsitsipas,0.12764863669872284
J J Wolf,Dominic Thiem,0.35342805087566376
J J Wolf,Aleksandar Vukic,0.566210463643074
J J Wolf,Tomas Machac,0.6243458390235901
J J Wolf,Aslan Karatsev,0.32666200399398804
J J Wolf,Borna Gojo,0.5308432430028915
J J Wolf,Alexandre Muller,0.7026478946208954
J J Wolf,Tommy Paul,0.25331127643585205
J J Wolf,Alexander Zverev,0.1347120702266693
J J Wolf,Sebastian Ofner,0.6779703348875046
J J Wolf,Cameron Norrie,0.2969578951597214
J J Wolf,Filip Misolic,0.6555518209934235
J J Wolf,Albert Ramos,0.5895445048809052
J J Wolf,Matteo Arnaldi,0.6452494561672211
J J Wolf,Alexei Popyrin,0.5005765110254288
J J Wolf,Andrey Rublev,0.0817316323518753
J J Wolf,Frances Tiafoe,0.33384084701538086
J J Wolf,Daniel Evans,0.286916583776474
J J Wolf,Gael Monfils,0.34921547770500183
J J Wolf,Daniel Altmaier,0.6227196156978607
J J Wolf,Lorenzo Sonego,0.5258120894432068
J J Wolf,Francisco Cerundolo,0.5352909713983536
J J Wolf,Ben Shelton,0.5089735686779022
J J Wolf,Jannik Sinner,0.1409526765346527
Jiri Lehecka,Daniil Medvedev,0.0806087851524353
Jiri Lehecka,Arthur Fils,0.644993931055069
Jiri Lehecka,Grigor Dimitrov,0.2805269956588745
Jiri Lehecka,Lorenzo Musetti,0.37176617980003357
Jiri Lehecka,J J Wolf,0.4758163243532181
Jiri Lehecka,Roman Safiullin,0.567385196685791
Jiri Lehecka,Karen Khachanov,0.21233054995536804
Jiri Lehecka,Stefanos Tsitsipas,0.10816152393817902
Jiri Lehecka,Dominic Thiem,0.32018598914146423
Jiri Lehecka,Aleksandar Vukic,0.5426970273256302
Jiri Lehecka,Tomas Machac,0.6018963605165482
Jiri Lehecka,Aslan Karatsev,0.2934049814939499
Jiri Lehecka,Borna Gojo,0.5010542571544647
Jiri Lehecka,Alexandre Muller,0.6913338303565979
Jiri Lehecka,Tommy Paul,0.22596997022628784
Jiri Lehecka,Alexander Zverev,0.11371354758739471
Jiri Lehecka,Sebastian Ofner,0.6591772139072418
Jiri Lehecka,Cameron Norrie,0.2697807252407074
Jiri Lehecka,Filip Misolic,0.6330545395612717
Jiri Lehecka,Albert Ramos,0.575585812330246
Jiri Lehecka,Matteo Arnaldi,0.6236986219882965
Jiri Lehecka,Alexei Popyrin,0.4746321439743042
Jiri Lehecka,Andrey Rublev,0.06860418617725372
Jiri Lehecka,Frances Tiafoe,0.3039747327566147
Jiri Lehecka,Daniel Evans,0.25616341829299927
Jiri Lehecka,Gael Monfils,0.31473711133003235
Jiri Lehecka,Daniel Altmaier,0.6051716506481171
Jiri Lehecka,Lorenzo Sonego,0.5101733803749084
Jiri Lehecka,Francisco Cerundolo,0.5154130607843399
Jiri Lehecka,Ben Shelton,0.48030152916908264
Jiri Lehecka,Jannik Sinner,0.11950872838497162
Roman Safiullin,Daniil Medvedev,0.06413468718528748
Roman Safiullin,Arthur Fils,0.5853744447231293
Roman Safiullin,Grigor Dimitrov,0.2393043488264084
Roman Safiullin,Lorenzo Musetti,0.3161827027797699
Roman Safiullin,J J Wolf,0.41132545471191406
Roman Safiullin,Jiri Lehecka,0.432614803314209
Roman Safiullin,Karen Khachanov,0.17710866034030914
Roman Safiullin,Stefanos Tsitsipas,0.08670909702777863
Roman Safiullin,Dominic Thiem,0.27604854106903076
Roman Safiullin,Aleksandar Vukic,0.4745052009820938
Roman Safiullin,Tomas Machac,0.5364574939012527
Roman Safiullin,Aslan Karatsev,0.25307752192020416
Roman Safiullin,Borna Gojo,0.4317464828491211
Roman Safiullin,Alexandre Muller,0.6397896409034729
Roman Safiullin,Tommy Paul,0.1875103861093521
Roman Safiullin,Alexander Zverev,0.09224125742912292
Roman Safiullin,Sebastian Ofner,0.5999575555324554
Roman Safiullin,Cameron Norrie,0.2288416177034378
Roman Safiullin,Filip Misolic,0.5692288279533386
Roman Safiullin,Albert Ramos,0.5233756601810455
Roman Safiullin,Matteo Arnaldi,0.5594496130943298
Roman Safiullin,Alexei Popyrin,0.41013914346694946
Roman Safiullin,Andrey Rublev,0.05446559190750122
Roman Safiullin,Frances Tiafoe,0.26138514280319214
Roman Safiullin,Daniel Evans,0.2167193740606308
Roman Safiullin,Gael Monfils,0.27240094542503357
Roman Safiullin,Daniel Altmaier,0.5423336327075958
Roman Safiullin,Lorenzo Sonego,0.44215744733810425
Roman Safiullin,Francisco Cerundolo,0.44841910898685455
Roman Safiullin,Ben Shelton,0.41105780005455017
Roman Safiullin,Jannik Sinner,0.09593522548675537
Karen Khachanov,Daniil Medvedev,0.2841574251651764
Karen Khachanov,Arthur Fils,0.8526073098182678
Karen Khachanov,Grigor Dimitrov,0.5982887446880341
Karen Khachanov,Lorenzo Musetti,0.6877222657203674
Karen Khachanov,J J Wolf,0.7590194344520569
Karen Khachanov,Jiri Lehecka,0.787669450044632
Karen Khachanov,Roman Safiullin,0.8228913396596909
Karen Khachanov,Stefanos Tsitsipas,0.34754061698913574
Karen Khachanov,Dominic Thiem,0.6741201281547546
Karen Khachanov,Aleksandar Vukic,0.8109185844659805
Karen Khachanov,Tomas Machac,0.840378150343895
Karen Khachanov,Aslan Karatsev,0.6270410567522049
Karen Khachanov,Borna Gojo,0.8065086454153061
Karen Khachanov,Alexandre Muller,0.8663773983716965
Karen Khachanov,Tommy Paul,0.5151193588972092
Karen Khachanov,Alexander Zverev,0.3635919392108917
Karen Khachanov,Sebastian Ofner,0.8624090105295181
Karen Khachanov,Cameron Norrie,0.5222196877002716
Karen Khachanov,Filip Misolic,0.8584983199834824
Karen Khachanov,Albert Ramos,0.7956771403551102
Karen Khachanov,Matteo Arnaldi,0.8521230220794678
Karen Khachanov,Alexei Popyrin,0.7576408833265305
Karen Khachanov,Andrey Rublev,0.2583807408809662
Karen Khachanov,Frances Tiafoe,0.6009137332439423
Karen Khachanov,Daniel Evans,0.5659446269273758
Karen Khachanov,Gael Monfils,0.632003128528595
Karen Khachanov,Daniel Altmaier,0.8335863053798676
Karen Khachanov,Lorenzo Sonego,0.7270824611186981
Karen Khachanov,Francisco Cerundolo,0.7915674299001694
Karen Khachanov,Ben Shelton,0.7938758283853531
Karen Khachanov,Jannik Sinner,0.35680150985717773
Stefanos Tsitsipas,Daniil Medvedev,0.47408343851566315
Stefanos Tsitsipas,Arthur Fils,0.9292353987693787
Stefanos Tsitsipas,Grigor Dimitrov,0.7441729605197906
Stefanos Tsitsipas,Lorenzo Musetti,0.8247438222169876
Stefanos Tsitsipas,J J Wolf,0.8723513633012772
Stefanos Tsitsipas,Jiri Lehecka,0.891838476061821
Stefanos Tsitsipas,Roman Safiullin,0.9132909029722214
Stefanos Tsitsipas,Karen Khachanov,0.6524593830108643
Stefanos Tsitsipas,Dominic Thiem,0.8194573223590851
Stefanos Tsitsipas,Aleksandar Vukic,0.9066138714551926
Stefanos Tsitsipas,Tomas Machac,0.9227681010961533
Stefanos Tsitsipas,Aslan Karatsev,0.7728025317192078
Stefanos Tsitsipas,Borna Gojo,0.905581995844841
Stefanos Tsitsipas,Alexandre Muller,0.9355035424232483
Stefanos Tsitsipas,Tommy Paul,0.6614408493041992
Stefanos Tsitsipas,Alexander Zverev,0.5078776776790619
Stefanos Tsitsipas,Sebastian Ofner,0.9341121912002563
Stefanos Tsitsipas,Cameron Norrie,0.6408019065856934
Stefanos Tsitsipas,Filip Misolic,0.9331528693437576
Stefanos Tsitsipas,Albert Ramos,0.892087921500206
Stefanos Tsitsipas,Matteo Arnaldi,0.9294089525938034
Stefanos Tsitsipas,Alexei Popyrin,0.8684315830469131
Stefanos Tsitsipas,Andrey Rublev,0.4646941274404526
Stefanos Tsitsipas,Frances Tiafoe,0.7216015756130219
Stefanos Tsitsipas,Daniel Evans,0.7138077914714813
Stefanos Tsitsipas,Gael Monfils,0.781285434961319
Stefanos Tsitsipas,Daniel Altmaier,0.917241707444191
Stefanos Tsitsipas,Lorenzo Sonego,0.8431322127580643
Stefanos Tsitsipas,Francisco Cerundolo,0.8934789896011353
Stefanos Tsitsipas,Ben Shelton,0.8986473232507706
Stefanos Tsitsipas,Jannik Sinner,0.5042639225721359
Dominic Thiem,Daniil Medvedev,0.13307401537895203
Dominic Thiem,Arthur Fils,0.7655811160802841
Dominic Thiem,Grigor Dimitrov,0.4110669046640396
Dominic Thiem,Lorenzo Musetti,0.5485444366931915
Dominic Thiem,J J Wolf,0.6465719491243362
Dominic Thiem,Jiri Lehecka,0.6798140108585358
Dominic Thiem,Roman Safiullin,0.7239514589309692
Dominic Thiem,Karen Khachanov,0.32587987184524536
Dominic Thiem,Stefanos Tsitsipas,0.18054267764091492
Dominic Thiem,Aleksandar Vukic,0.7076068073511124
Dominic Thiem,Tomas Machac,0.7482930123806
Dominic Thiem,Aslan Karatsev,0.4406832158565521
Dominic Thiem,Borna Gojo,0.6954911649227142
Dominic Thiem,Alexandre Muller,0.7854527831077576
Dominic Thiem,Tommy Paul,0.34060120582580566
Dominic Thiem,Alexander Zverev,0.1923280507326126
Dominic Thiem,Sebastian Ofner,0.7797050774097443
Dominic Thiem,Cameron Norrie,0.36889955401420593
Dominic Thiem,Filip Misolic,0.7740689963102341
Dominic Thiem,Albert Ramos,0.7079742848873138
Dominic Thiem,Matteo Arnaldi,0.7649153918027878
Dominic Thiem,Alexei Popyrin,0.6453322321176529
Dominic Thiem,Andrey Rublev,0.11589363217353821
Dominic Thiem,Frances Tiafoe,0.4198935478925705
Dominic Thiem,Daniel Evans,0.3788934648036957
Dominic Thiem,Gael Monfils,0.4639645665884018
Dominic Thiem,Daniel Altmaier,0.7421723306179047
Dominic Thiem,Lorenzo Sonego,0.6367215514183044
Dominic Thiem,Francisco Cerundolo,0.686908096075058
Dominic Thiem,Ben Shelton,0.6760952174663544
Dominic Thiem,Jannik Sinner,0.18708859384059906
Aleksandar Vukic,Daniil Medvedev,0.06913548707962036
Aleksandar Vukic,Arthur Fils,0.6095194667577744
Aleksandar Vukic,Grigor Dimitrov,0.254194438457489
Aleksandar Vukic,Lorenzo Musetti,0.33643290400505066
Aleksandar Vukic,J J Wolf,0.43378953635692596
Aleksandar Vukic,Jiri Lehecka,0.4573029726743698
Aleksandar Vukic,Roman Safiullin,0.5254947990179062
Aleksandar Vukic,Karen Khachanov,0.18908141553401947
Aleksandar Vukic,Stefanos Tsitsipas,0.09338612854480743
Aleksandar Vukic,Dominic Thiem,0.29239319264888763
Aleksandar Vukic,Tomas Machac,0.5619683861732483
Aleksandar Vukic,Aslan Karatsev,0.26848649978637695
Aleksandar Vukic,Borna Gojo,0.45718546211719513
Aleksandar Vukic,Alexandre Muller,0.6618253290653229
Aleksandar Vukic,Tommy Paul,0.20000974833965302
Aleksandar Vukic,Alexander Zverev,0.09916925430297852
Aleksandar Vukic,Sebastian Ofner,0.6237353086471558
Aleksandar Vukic,Cameron Norrie,0.24276424944400787
Aleksandar Vukic,Filip Misolic,0.5942974984645844
Aleksandar Vukic,Albert Ramos,0.5459149479866028
Aleksandar Vukic,Matteo Arnaldi,0.5846734046936035
Aleksandar Vukic,Alexei Popyrin,0.43258652091026306
Aleksandar Vukic,Andrey Rublev,0.058785393834114075
Aleksandar Vukic,Frances Tiafoe,0.2769043743610382
Aleksandar Vukic,Daniel Evans,0.23061145842075348
Aleksandar Vukic,Gael Monfils,0.2885386049747467
Aleksandar Vukic,Daniel Altmaier,0.5675360858440399
Aleksandar Vukic,Lorenzo Sonego,0.46528637409210205
Aleksandar Vukic,Francisco Cerundolo,0.4732515811920166
Aleksandar Vukic,Ben Shelton,0.4362161308526993
Aleksandar Vukic,Jannik Sinner,0.10314801335334778
Tomas Machac,Daniil Medvedev,0.056771427392959595
Tomas Machac,Arthur Fils,0.5506739616394043
Tomas Machac,Grigor Dimitrov,0.21734650433063507
Tomas Machac,Lorenzo Musetti,0.2888759523630142
Tomas Machac,J J Wolf,0.3756541609764099
Tomas Machac,Jiri Lehecka,0.39810363948345184
Tomas Machac,Roman Safiullin,0.46354250609874725
Tomas Machac,Karen Khachanov,0.15962184965610504
Tomas Machac,Stefanos Tsitsipas,0.07723189890384674
Tomas Machac,Dominic Thiem,0.2517069876194
Tomas Machac,Aleksandar Vukic,0.4380316138267517
Tomas Machac,Aslan Karatsev,0.23010917007923126
Tomas Machac,Borna Gojo,0.394171342253685
Tomas Machac,Alexandre Muller,0.6096867024898529
Tomas Machac,Tommy Paul,0.16919003427028656
Tomas Machac,Alexander Zverev,0.08229964971542358
Tomas Machac,Sebastian Ofner,0.5658935010433197
Tomas Machac,Cameron Norrie,0.20656245946884155
Tomas Machac,Filip Misolic,0.5329068005084991
Tomas Machac,Albert Ramos,0.4941617250442505
Tomas Machac,Matteo Arnaldi,0.523337110877037
Tomas Machac,Alexei Popyrin,0.37617096304893494
Tomas Machac,Andrey Rublev,0.04822339117527008
Tomas Machac,Frances Tiafoe,0.23711571097373962
Tomas Machac,Daniel Evans,0.19622820615768433
Tomas Machac,Gael Monfils,0.2482815384864807
Tomas Machac,Daniel Altmaier,0.5090855062007904
Tomas Machac,Lorenzo Sonego,0.41126659512519836
Tomas Machac,Francisco Cerundolo,0.41522741317749023
Tomas Machac,Ben Shelton,0.3755275756120682
Tomas Machac,Jannik Sinner,0.08527553081512451
Aslan Karatsev,Daniil Medvedev,0.17322899401187897
Aslan Karatsev,Arthur Fils,0.786108061671257
Aslan Karatsev,Grigor Dimitrov,0.4682796746492386
Aslan Karatsev,Lorenzo Musetti,0.5987516045570374
Aslan Karatsev,J J Wolf,0.673337996006012
Aslan Karatsev,Jiri Lehecka,0.7065950185060501
Aslan Karatsev,Roman Safiullin,0.7469224780797958
Aslan Karatsev,Karen Khachanov,0.3729589432477951
Aslan Karatsev,Stefanos Tsitsipas,0.22719746828079224
Aslan Karatsev,Dominic Thiem,0.5593167841434479
Aslan Karatsev,Aleksandar Vukic,0.731513500213623
Aslan Karatsev,Tomas Machac,0.7698908299207687
Aslan Karatsev,Borna Gojo,0.7259494215250015
Aslan Karatsev,Alexandre Muller,0.8046948909759521
Aslan Karatsev,Tommy Paul,0.3853832632303238
Aslan Karatsev,Alexander Zverev,0.24131442606449127
Aslan Karatsev,Sebastian Ofner,0.7993363291025162
Aslan Karatsev,Cameron Norrie,0.42401376366615295
Aslan Karatsev,Filip Misolic,0.7940728068351746
Aslan Karatsev,Albert Ramos,0.7286123335361481
Aslan Karatsev,Matteo Arnaldi,0.7854971289634705
Aslan Karatsev,Alexei Popyrin,0.6773817837238312
Aslan Karatsev,Andrey Rublev,0.15149183571338654
Aslan Karatsev,Frances Tiafoe,0.4689159691333771
Aslan Karatsev,Daniel Evans,0.4252655506134033
Aslan Karatsev,Gael Monfils,0.5236298888921738
Aslan Karatsev,Daniel Altmaier,0.7641182839870453
Aslan Karatsev,Lorenzo Sonego,0.6642744541168213
Aslan Karatsev,Francisco Cerundolo,0.7130860388278961
Aslan Karatsev,Ben Shelton,0.7094637900590897
Aslan Karatsev,Jannik Sinner,0.23929747939109802
Borna Gojo,Daniil Medvedev,0.06919200718402863
Borna Gojo,Arthur Fils,0.6528811752796173
Borna Gojo,Grigor Dimitrov,0.2596595138311386
Borna Gojo,Lorenzo Musetti,0.356891393661499
Borna Gojo,J J Wolf,0.46915675699710846
Borna Gojo,Jiri Lehecka,0.4989457428455353
Borna Gojo,Roman Safiullin,0.5682535171508789
Borna Gojo,Karen Khachanov,0.1934913545846939
Borna Gojo,Stefanos Tsitsipas,0.094418004155159
Borna Gojo,Dominic Thiem,0.30450883507728577
Borna Gojo,Aleksandar Vukic,0.5428145378828049
Borna Gojo,Tomas Machac,0.605828657746315
Borna Gojo,Aslan Karatsev,0.2740505784749985
Borna Gojo,Alexandre Muller,0.7024730741977692
Borna Gojo,Tommy Paul,0.20459452271461487
Borna Gojo,Alexander Zverev,0.10175488889217377
Borna Gojo,Sebastian Ofner,0.6666818708181381
Borna Gojo,Cameron Norrie,0.24184012413024902
Borna Gojo,Filip Misolic,0.6368346214294434
Borna Gojo,Albert Ramos,0.5857967138290405
Borna Gojo,Matteo Arnaldi,0.6279057413339615
Borna Gojo,Alexei Popyrin,0.46991945803165436
Borna Gojo,Andrey Rublev,0.0589621365070343
Borna Gojo,Frances Tiafoe,0.27662500739097595
Borna Gojo,Daniel Evans,0.23568204045295715
Borna Gojo,Gael Monfils,0.2943630814552307
Borna Gojo,Daniel Altmaier,0.6117829382419586
Borna Gojo,Lorenzo Sonego,0.49668604135513306
Borna Gojo,Francisco Cerundolo,0.516678661108017
Borna Gojo,Ben Shelton,0.4772365093231201
Borna Gojo,Jannik Sinner,0.1032632440328598
Alexandre Muller,Daniil Medvedev,0.04734688997268677
Alexandre Muller,Arthur Fils,0.43964582681655884
Alexandre Muller,Grigor Dimitrov,0.1840118020772934
Alexandre Muller,Lorenzo Musetti,0.2445308119058609
Alexandre Muller,J J Wolf,0.2973521053791046
Alexandre Muller,Jiri Lehecka,0.3086661696434021
Alexandre Muller,Roman Safiullin,0.3602103590965271
Alexandre Muller,Karen Khachanov,0.13362260162830353
Alexandre Muller,Stefanos Tsitsipas,0.06449645757675171
Alexandre Muller,Dominic Thiem,0.21454721689224243
Alexandre Muller,Aleksandar Vukic,0.3381746709346771
Alexandre Muller,Tomas Machac,0.3903132975101471
Alexandre Muller,Aslan Karatsev,0.19530510902404785
Alexandre Muller,Borna Gojo,0.29752692580223083
Alexandre Muller,Tommy Paul,0.14231126010417938
Alexandre Muller,Alexander Zverev,0.06797541677951813
Alexandre Muller,Sebastian Ofner,0.4549104571342468
Alexandre Muller,Cameron Norrie,0.17795878648757935
Alexandre Muller,Filip Misolic,0.42210938036441803
Alexandre Muller,Albert Ramos,0.3991294801235199
Alexandre Muller,Matteo Arnaldi,0.4127638339996338
Alexandre Muller,Alexei Popyrin,0.29320070147514343
Alexandre Muller,Andrey Rublev,0.04011717438697815
Alexandre Muller,Frances Tiafoe,0.20481237769126892
Alexandre Muller,Daniel Evans,0.16544398665428162
Alexandre Muller,Gael Monfils,0.21148426830768585
Alexandre Muller,Daniel Altmaier,0.40231019258499146
Alexandre Muller,Lorenzo Sonego,0.3312409222126007
Alexandre Muller,Francisco Cerundolo,0.32471784949302673
Alexandre Muller,Ben Shelton,0.28404600918293
Alexandre Muller,Jannik Sinner,0.07147009670734406
Tommy Paul,Daniil Medvedev,0.27686311304569244
Tommy Paul,Arthur Fils,0.8436278402805328
Tommy Paul,Grigor Dimitrov,0.5837797820568085
Tommy Paul,Lorenzo Musetti,0.67404605448246
Tommy Paul,J J Wolf,0.746688723564148
Tommy Paul,Jiri Lehecka,0.7740300297737122
Tommy Paul,Roman Safiullin,0.8124896138906479
Tommy Paul,Karen Khachanov,0.48488064110279083
Tommy Paul,Stefanos Tsitsipas,0.3385591506958008
Tommy Paul,Dominic Thiem,0.6593987941741943
Tommy Paul,Aleksandar Vukic,0.799990251660347
Tommy Paul,Tomas Machac,0.8308099657297134
Tommy Paul,Aslan Karatsev,0.6146167367696762
Tommy Paul,Borna Gojo,0.7954054772853851
Tommy Paul,Alexandre Muller,0.8576887398958206
Tommy Paul,Alexander Zverev,0.3544151932001114
Tommy Paul,Sebastian Ofner,0.8539339303970337
Tommy Paul,Cameron Norrie,0.5191279351711273
Tommy Paul,Filip Misolic,0.8498266190290451
Tommy Paul,Albert Ramos,0.7821681052446365
Tommy Paul,Matteo Arnaldi,0.8431273102760315
Tommy Paul,Alexei Popyrin,0.7425266802310944
Tommy Paul,Andrey Rublev,0.25119394063949585
Tommy Paul,Frances Tiafoe,0.5908887535333633
Tommy Paul,Daniel Evans,0.5558696687221527
Tommy Paul,Gael Monfils,0.6186414659023285
Tommy Paul,Daniel Altmaier,0.821560874581337
Tommy Paul,Lorenzo Sonego,0.7114057093858719
Tommy Paul,Francisco Cerundolo,0.7781690508127213
Tommy Paul,Ben Shelton,0.7822320312261581
Tommy Paul,Jannik Sinner,0.3476932644844055
Alexander Zverev,Daniil Medvedev,0.4641612023115158
Alexander Zverev,Arthur Fils,0.9245411604642868
Alexander Zverev,Grigor Dimitrov,0.7287964373826981
Alexander Zverev,Lorenzo Musetti,0.8132537305355072
Alexander Zverev,J J Wolf,0.8652879297733307
Alexander Zverev,Jiri Lehecka,0.8862864524126053
Alexander Zverev,Roman Safiullin,0.9077587425708771
Alexander Zverev,Karen Khachanov,0.6364080607891083
Alexander Zverev,Stefanos Tsitsipas,0.4921223223209381
Alexander Zverev,Dominic Thiem,0.8076719492673874
Alexander Zverev,Aleksandar Vukic,0.9008307456970215
Alexander Zverev,Tomas Machac,0.9177003502845764
Alexander Zverev,Aslan Karatsev,0.7586855739355087
Alexander Zverev,Borna Gojo,0.8982451111078262
Alexander Zverev,Alexandre Muller,0.9320245832204819
Alexander Zverev,Tommy Paul,0.6455848067998886
Alexander Zverev,Sebastian Ofner,0.9299500584602356
Alexander Zverev,Cameron Norrie,0.6245892941951752
Alexander Zverev,Filip Misolic,0.9277969151735306
Alexander Zverev,Albert Ramos,0.8865401744842529
Alexander Zverev,Matteo Arnaldi,0.924269825220108
Alexander Zverev,Alexei Popyrin,0.8623494654893875
Alexander Zverev,Andrey Rublev,0.44164708256721497
Alexander Zverev,Frances Tiafoe,0.7128984034061432
Alexander Zverev,Daniel Evans,0.699153333902359
Alexander Zverev,Gael Monfils,0.7677828371524811
Alexander Zverev,Daniel Altmaier,0.9128654152154922
Alexander Zverev,Lorenzo Sonego,0.8364713191986084
Alexander Zverev,Francisco Cerundolo,0.8879981935024261
Alexander Zverev,Ben Shelton,0.890797421336174
Alexander Zverev,Jannik Sinner,0.49628928303718567
Sebastian Ofner,Daniil Medvedev,0.04828505218029022
Sebastian Ofner,Arthur Fils,0.4845722019672394
Sebastian Ofner,Grigor Dimitrov,0.18915678560733795
Sebastian Ofner,Lorenzo Musetti,0.2524988651275635
Sebastian Ofner,J J Wolf,0.3220296651124954
Sebastian Ofner,Jiri Lehecka,0.3408227860927582
Sebastian Ofner,Roman Safiullin,0.40004244446754456
Sebastian Ofner,Karen Khachanov,0.13759098947048187
Sebastian Ofner,Stefanos Tsitsipas,0.06588780879974365
Sebastian Ofner,Dominic Thiem,0.22029492259025574
Sebastian Ofner,Aleksandar Vukic,0.37626469135284424
Sebastian Ofner,Tomas Machac,0.4341064989566803
Sebastian Ofner,Aslan Karatsev,0.20066367089748383
Sebastian Ofner,Borna Gojo,0.3333181291818619
Sebastian Ofner,Alexandre Muller,0.5450895428657532
Sebastian Ofner,Tommy Paul,0.1460660696029663
Sebastian Ofner,Alexander Zverev,0.0700499415397644
Sebastian Ofner,Cameron Norrie,0.18050312995910645
Sebastian Ofner,Filip Misolic,0.4667312800884247
Sebastian Ofner,Albert Ramos,0.4343234896659851
Sebastian Ofner,Matteo Arnaldi,0.45718324184417725
Sebastian Ofner,Alexei Popyrin,0.32249322533607483
Sebastian Ofner,Andrey Rublev,0.040954262018203735
Sebastian Ofner,Frances Tiafoe,0.207927405834198
Sebastian Ofner,Daniel Evans,0.17016592621803284
Sebastian Ofner,Gael Monfils,0.21717047691345215
Sebastian Ofner,Daniel Altmaier,0.4445141851902008
Sebastian Ofner,Lorenzo Sonego,0.35635340213775635
Sebastian Ofner,Francisco Cerundolo,0.3576248586177826
Sebastian Ofner,Ben Shelton,0.31833089888095856
Sebastian Ofner,Jannik Sinner,0.07285796105861664
Cameron Norrie,Daniil Medvedev,0.2969747632741928
Cameron Norrie,Arthur Fils,0.8075565993785858
Cameron Norrie,Grigor Dimitrov,0.5538411736488342
Cameron Norrie,Lorenzo Musetti,0.6323006451129913
Cameron Norrie,J J Wolf,0.7030421048402786
Cameron Norrie,Jiri Lehecka,0.7302192747592926
Cameron Norrie,Roman Safiullin,0.7711583822965622
Cameron Norrie,Karen Khachanov,0.4777803122997284
Cameron Norrie,Stefanos Tsitsipas,0.35919809341430664
Cameron Norrie,Dominic Thiem,0.6311004459857941
Cameron Norrie,Aleksandar Vukic,0.7572357505559921
Cameron Norrie,Tomas Machac,0.7934375405311584
Cameron Norrie,Aslan Karatsev,0.575986236333847
Cameron Norrie,Borna Gojo,0.758159875869751
Cameron Norrie,Alexandre Muller,0.8220412135124207
Cameron Norrie,Tommy Paul,0.4808720648288727
Cameron Norrie,Alexander Zverev,0.37541070580482483
Cameron Norrie,Sebastian Ofner,0.8194968700408936
Cameron Norrie,Filip Misolic,0.8184103816747665
Cameron Norrie,Albert Ramos,0.7384867668151855
Cameron Norrie,Matteo Arnaldi,0.8088347613811493
Cameron Norrie,Alexei Popyrin,0.6975835859775543
Cameron Norrie,Andrey Rublev,0.2695019245147705
Cameron Norrie,Frances Tiafoe,0.5404835343360901
Cameron Norrie,Daniel Evans,0.5212115049362183
Cameron Norrie,Gael Monfils,0.5837335735559464
Cameron Norrie,Daniel Altmaier,0.7787999957799911
Cameron Norrie,Lorenzo Sonego,0.6603692471981049
Cameron Norrie,Francisco Cerundolo,0.7352847754955292
Cameron Norrie,Ben Shelton,0.7420215159654617
Cameron Norrie,Jannik Sinner,0.36871157586574554
Filip Misolic,Daniil Medvedev,0.04881371557712555
Filip Misolic,Arthur Fils,0.5178817510604858
Filip Misolic,Grigor Dimitrov,0.1942058950662613
Filip Misolic,Lorenzo Musetti,0.2612368315458298
Filip Misolic,J J Wolf,0.34444817900657654
Filip Misolic,Jiri Lehecka,0.36694546043872833
Filip Misolic,Roman Safiullin,0.4307711720466614
Filip Misolic,Karen Khachanov,0.14150168001651764
Filip Misolic,Stefanos Tsitsipas,0.06684713065624237
Filip Misolic,Dominic Thiem,0.22593100368976593
Filip Misolic,Aleksandar Vukic,0.40570250153541565
Filip Misolic,Tomas Machac,0.46709319949150085
Filip Misolic,Aslan Karatsev,0.20592719316482544
Filip Misolic,Borna Gojo,0.36316537857055664
Filip Misolic,Alexandre Muller,0.577890619635582
Filip Misolic,Tommy Paul,0.1501733809709549
Filip Misolic,Alexander Zverev,0.07220308482646942
Filip Misolic,Sebastian Ofner,0.5332687199115753
Filip Misolic,Cameron Norrie,0.18158961832523346
Filip Misolic,Albert Ramos,0.46104976534843445
Filip Misolic,Matteo Arnaldi,0.4904005229473114
Filip Misolic,Alexei Popyrin,0.34509608149528503
Filip Misolic,Andrey Rublev,0.041453778743743896
Filip Misolic,Frances Tiafoe,0.20948317646980286
Filip Misolic,Daniel Evans,0.17481066286563873
Filip Misolic,Gael Monfils,0.222748264670372
Filip Misolic,Daniel Altmaier,0.47594916820526123
Filip Misolic,Lorenzo Sonego,0.37497545778751373
Filip Misolic,Francisco Cerundolo,0.38358697295188904
Filip Misolic,Ben Shelton,0.3450845777988434
Filip Misolic,Jannik Sinner,0.07364428043365479
Albert Ramos,Daniil Medvedev,0.08118189871311188
Albert Ramos,Arthur Fils,0.5502322763204575
Albert Ramos,Grigor Dimitrov,0.25723905861377716
Albert Ramos,Lorenzo Musetti,0.3308558762073517
Albert Ramos,J J Wolf,0.41045549511909485
Albert Ramos,Jiri Lehecka,0.42441418766975403
Albert Ramos,Roman Safiullin,0.47662433981895447
Albert Ramos,Karen Khachanov,0.20432285964488983
Albert Ramos,Stefanos Tsitsipas,0.107912078499794
Albert Ramos,Dominic Thiem,0.29202571511268616
Albert Ramos,Aleksandar Vukic,0.4540850520133972
Albert Ramos,Tomas Machac,0.5058382749557495
Albert Ramos,Aslan Karatsev,0.27138766646385193
Albert Ramos,Borna Gojo,0.4142032861709595
Albert Ramos,Alexandre Muller,0.6008705198764801
Albert Ramos,Tommy Paul,0.21783189475536346
Albert Ramos,Alexander Zverev,0.11345982551574707
Albert Ramos,Sebastian Ofner,0.5656765103340149
Albert Ramos,Cameron Norrie,0.26151323318481445
Albert Ramos,Filip Misolic,0.5389502346515656
Albert Ramos,Matteo Arnaldi,0.5282241255044937
Albert Ramos,Alexei Popyrin,0.41026371717453003
Albert Ramos,Andrey Rublev,0.06884962320327759
Albert Ramos,Frances Tiafoe,0.29426202178001404
Albert Ramos,Daniel Evans,0.24152378737926483
Albert Ramos,Gael Monfils,0.2896738648414612
Albert Ramos,Daniel Altmaier,0.514010488986969
Albert Ramos,Lorenzo Sonego,0.4502774029970169
Albert Ramos,Francisco Cerundolo,0.43720489740371704
Albert Ramos,Ben Shelton,0.39987368881702423
Albert Ramos,Jannik Sinner,0.12017883360385895
Matteo Arnaldi,Daniil Medvedev,0.051756784319877625
Matteo Arnaldi,Arthur Fils,0.5274646729230881
Matteo Arnaldi,Grigor Dimitrov,0.20238268375396729
Matteo Arnaldi,Lorenzo Musetti,0.27080515027046204
Matteo Arnaldi,J J Wolf,0.35475054383277893
Matteo Arnaldi,Jiri Lehecka,0.3763013780117035
Matteo Arnaldi,Roman Safiullin,0.44055038690567017
Matteo Arnaldi,Karen Khachanov,0.14787697792053223
Matteo Arnaldi,Stefanos Tsitsipas,0.0705910474061966
Matteo Arnaldi,Dominic Thiem,0.23508460819721222
Matteo Arnaldi,Aleksandar Vukic,0.4153265953063965
Matteo Arnaldi,Tomas Machac,0.47666288912296295
Matteo Arnaldi,Aslan Karatsev,0.21450287103652954
Matteo Arnaldi,Borna Gojo,0.3720942586660385
Matteo Arnaldi,Alexandre Muller,0.5872361660003662
Matteo Arnaldi,Tommy Paul,0.1568726897239685
Matteo Arnaldi,Alexander Zverev,0.07573017477989197
Matteo Arnaldi,Sebastian Ofner,0.5428167581558228
Matteo Arnaldi,Cameron Norrie,0.1911652386188507
Matteo Arnaldi,Filip Misolic,0.5095994770526886
Matteo Arnaldi,Albert Ramos,0.4717758744955063
Matteo Arnaldi,Alexei Popyrin,0.35524505376815796
Matteo Arnaldi,Andrey Rublev,0.04393969476222992
Matteo Arnaldi,Frances Tiafoe,0.21999499201774597
Matteo Arnaldi,Daniel Evans,0.18237528204917908
Matteo Arnaldi,Gael Monfils,0.23181474208831787
Matteo Arnaldi,Daniel Altmaier,0.48587948083877563
Matteo Arnaldi,Lorenzo Sonego,0.38786303997039795
Matteo Arnaldi,Francisco Cerundolo,0.39310239255428314
Matteo Arnaldi,Ben Shelton,0.35420843958854675
Matteo Arnaldi,Jannik Sinner,0.07795464992523193
Alexei Popyrin,Daniil Medvedev,0.09907642006874084
Alexei Popyrin,Arthur Fils,0.6632879376411438
Alexei Popyrin,Grigor Dimitrov,0.30867399275302887
Alexei Popyrin,Lorenzo Musetti,0.40255676209926605
Alexei Popyrin,J J Wolf,0.49942348897457123
Alexei Popyrin,Jiri Lehecka,0.5253678560256958
Alexei Popyrin,Roman Safiullin,0.5898608565330505
Alexei Popyrin,Karen Khachanov,0.24235911667346954
Alexei Popyrin,Stefanos Tsitsipas,0.13156841695308685
Alexei Popyrin,Dominic Thiem,0.3546677678823471
Alexei Popyrin,Aleksandar Vukic,0.5674134790897369
Alexei Popyrin,Tomas Machac,0.6238290369510651
Alexei Popyrin,Aslan Karatsev,0.3226182162761688
Alexei Popyrin,Borna Gojo,0.5300805419683456
Alexei Popyrin,Alexandre Muller,0.7067992985248566
Alexei Popyrin,Tommy Paul,0.25747331976890564
Alexei Popyrin,Alexander Zverev,0.1376505345106125
Alexei Popyrin,Sebastian Ofner,0.6775067746639252
Alexei Popyrin,Cameron Norrie,0.3024164140224457
Alexei Popyrin,Filip Misolic,0.654903918504715
Alexei Popyrin,Albert Ramos,0.58973628282547
Alexei Popyrin,Matteo Arnaldi,0.644754946231842
Alexei Popyrin,Andrey Rublev,0.08446209132671356
Alexei Popyrin,Frances Tiafoe,0.33962616324424744
Alexei Popyrin,Daniel Evans,0.2841682434082031
Alexei Popyrin,Gael Monfils,0.34384432435035706
Alexei Popyrin,Daniel Altmaier,0.6238724291324615
Alexei Popyrin,Lorenzo Sonego,0.5295004546642303
Alexei Popyrin,Francisco Cerundolo,0.5359871238470078
Alexei Popyrin,Ben Shelton,0.5100036561489105
Alexei Popyrin,Jannik Sinner,0.14442569017410278
Andrey Rublev,Daniil Medvedev,0.5046598166227341
Andrey Rublev,Arthur Fils,0.9558867365121841
Andrey Rublev,Grigor Dimitrov,0.8224849104881287
Andrey Rublev,Lorenzo Musetti,0.8841914385557175
Andrey Rublev,J J Wolf,0.9182683676481247
Andrey Rublev,Jiri Lehecka,0.9313958138227463
Andrey Rublev,Roman Safiullin,0.9455344080924988
Andrey Rublev,Karen Khachanov,0.7416192591190338
Andrey Rublev,Stefanos Tsitsipas,0.5353058725595474
Andrey Rublev,Dominic Thiem,0.8841063678264618
Andrey Rublev,Aleksandar Vukic,0.9412146061658859
Andrey Rublev,Tomas Machac,0.9517766088247299
Andrey Rublev,Aslan Karatsev,0.8485081642866135
Andrey Rublev,Borna Gojo,0.9410378634929657
Andrey Rublev,Alexandre Muller,0.9598828256130219
Andrey Rublev,Tommy Paul,0.7488060593605042
Andrey Rublev,Alexander Zverev,0.558352917432785
Andrey Rublev,Sebastian Ofner,0.9590457379817963
Andrey Rublev,Cameron Norrie,0.7304980754852295
Andrey Rublev,Filip Misolic,0.9585462212562561
Andrey Rublev,Albert Ramos,0.9311503767967224
Andrey Rublev,Matteo Arnaldi,0.9560603052377701
Andrey Rublev,Alexei Popyrin,0.9155379086732864
Andrey Rublev,Frances Tiafoe,0.7949048727750778
Andrey Rublev,Daniel Evans,0.7976484596729279
Andrey Rublev,Gael Monfils,0.8573709726333618
Andrey Rublev,Daniel Altmaier,0.9480136334896088
Andrey Rublev,Lorenzo Sonego,0.8950878828763962
Andrey Rublev,Francisco Cerundolo,0.932391956448555
Andrey Rublev,Ben Shelton,0.9361651986837387
Andrey Rublev,Jannik Sinner,0.5502191483974457
Frances Tiafoe,Daniil Medvedev,0.23213611543178558
Frances Tiafoe,Arthur Fils,0.7788759917020798
Frances Tiafoe,Grigor Dimitrov,0.5141158998012543
Frances Tiafoe,Lorenzo Musetti,0.5963368266820908
Frances Tiafoe,J J Wolf,0.6661591529846191
Frances Tiafoe,Jiri Lehecka,0.6960252672433853
Frances Tiafoe,Roman Safiullin,0.7386148571968079
Frances Tiafoe,Karen Khachanov,0.39908626675605774
Frances Tiafoe,Stefanos Tsitsipas,0.27839842438697815
Frances Tiafoe,Dominic Thiem,0.5801064521074295
Frances Tiafoe,Aleksandar Vukic,0.7230956256389618
Frances Tiafoe,Tomas Machac,0.7628842890262604
Frances Tiafoe,Aslan Karatsev,0.5310840308666229
Frances Tiafoe,Borna Gojo,0.723374992609024
Frances Tiafoe,Alexandre Muller,0.7951876223087311
Frances Tiafoe,Tommy Paul,0.40911124646663666
Frances Tiafoe,Alexander Zverev,0.2871015965938568
Frances Tiafoe,Sebastian Ofner,0.792072594165802
Frances Tiafoe,Cameron Norrie,0.4595164656639099
Frances Tiafoe,Filip Misolic,0.7905168235301971
Frances Tiafoe,Albert Ramos,0.705737978219986
Frances Tiafoe,Matteo Arnaldi,0.780005007982254
Frances Tiafoe,Alexei Popyrin,0.6603738367557526
Frances Tiafoe,Andrey Rublev,0.20509512722492218
Frances Tiafoe,Daniel Evans,0.46749313175678253
Frances Tiafoe,Gael Monfils,0.5491126775741577
Frances Tiafoe,Daniel Altmaier,0.7474585771560669
Frances Tiafoe,Lorenzo Sonego,0.6457587331533432
Frances Tiafoe,Francisco Cerundolo,0.7016988098621368
Frances Tiafoe,Ben Shelton,0.7059273719787598
Frances Tiafoe,Jannik Sinner,0.3004799485206604
Daniel Evans,Daniil Medvedev,0.22880247235298157
Daniel Evans,Arthur Fils,0.8181857466697693
Daniel Evans,Grigor Dimitrov,0.5424602031707764
Daniel Evans,Lorenzo Musetti,0.6412918269634247
Daniel Evans,J J Wolf,0.713083416223526
Daniel Evans,Jiri Lehecka,0.7438365817070007
Daniel Evans,Roman Safiullin,0.7832806259393692
Daniel Evans,Karen Khachanov,0.4340553730726242
Daniel Evans,Stefanos Tsitsipas,0.2861922085285187
Daniel Evans,Dominic Thiem,0.6211065351963043
Daniel Evans,Aleksandar Vukic,0.7693885415792465
Daniel Evans,Tomas Machac,0.8037717938423157
Daniel Evans,Aslan Karatsev,0.5747344493865967
Daniel Evans,Borna Gojo,0.7643179595470428
Daniel Evans,Alexandre Muller,0.8345560133457184
Daniel Evans,Tommy Paul,0.4441303312778473
Daniel Evans,Alexander Zverev,0.300846666097641
Daniel Evans,Sebastian Ofner,0.8298340737819672
Daniel Evans,Cameron Norrie,0.47878849506378174
Daniel Evans,Filip Misolic,0.8251893371343613
Daniel Evans,Albert Ramos,0.7584762126207352
Daniel Evans,Matteo Arnaldi,0.8176247179508209
Daniel Evans,Alexei Popyrin,0.7158317565917969
Daniel Evans,Andrey Rublev,0.20235154032707214
Daniel Evans,Frances Tiafoe,0.5325068682432175
Daniel Evans,Gael Monfils,0.5844448059797287
Daniel Evans,Daniel Altmaier,0.7986464351415634
Daniel Evans,Lorenzo Sonego,0.6895209550857544
Daniel Evans,Francisco Cerundolo,0.7497962713241577
Daniel Evans,Ben Shelton,0.7497660666704178
Daniel Evans,Jannik Sinner,0.2976513206958771
Gael Monfils,Daniil Medvedev,0.16232572495937347
Gael Monfils,Arthur Fils,0.7688396126031876
Gael Monfils,Grigor Dimitrov,0.4477170407772064
Gael Monfils,Lorenzo Musetti,0.575868159532547
Gael Monfils,J J Wolf,0.6507845222949982
Gael Monfils,Jiri Lehecka,0.6852628886699677
Gael Monfils,Roman Safiullin,0.7275990545749664
Gael Monfils,Karen Khachanov,0.36799687147140503
Gael Monfils,Stefanos Tsitsipas,0.21871456503868103
Gael Monfils,Dominic Thiem,0.5360354334115982
Gael Monfils,Aleksandar Vukic,0.7114613950252533
Gael Monfils,Tomas Machac,0.7517184615135193
Gael Monfils,Aslan Karatsev,0.47637011110782623
Gael Monfils,Borna Gojo,0.7056369185447693
Gael Monfils,Alexandre Muller,0.7885157316923141
Gael Monfils,Tommy Paul,0.3813585340976715
Gael Monfils,Alexander Zverev,0.23221716284751892
Gael Monfils,Sebastian Ofner,0.7828295230865479
Gael Monfils,Cameron Norrie,0.41626642644405365
Gael Monfils,Filip Misolic,0.777251735329628
Gael Monfils,Albert Ramos,0.7103261351585388
Gael Monfils,Matteo Arnaldi,0.7681852579116821
Gael Monfils,Alexei Popyrin,0.6561556756496429
Gael Monfils,Andrey Rublev,0.14262902736663818
Gael Monfils,Frances Tiafoe,0.4508873224258423
Gael Monfils,Daniel Evans,0.4155551940202713
Gael Monfils,Daniel Altmaier,0.7456482797861099
Gael Monfils,Lorenzo Sonego,0.6499655842781067
Gael Monfils,Francisco Cerundolo,0.692021831870079
Gael Monfils,Ben Shelton,0.6889127194881439
Gael Monfils,Jannik Sinner,0.22531326115131378
Daniel Altmaier,Daniil Medvedev,0.06131194531917572
Daniel Altmaier,Arthur Fils,0.5405212491750717
Daniel Altmaier,Grigor Dimitrov,0.22283989191055298
Daniel Altmaier,Lorenzo Musetti,0.2955554723739624
Daniel Altmaier,J J Wolf,0.3772803843021393
Daniel Altmaier,Jiri Lehecka,0.39482834935188293
Daniel Altmaier,Roman Safiullin,0.4576663672924042
Daniel Altmaier,Karen Khachanov,0.16641369462013245
Daniel Altmaier,Stefanos Tsitsipas,0.08275829255580902
Daniel Altmaier,Dominic Thiem,0.25782766938209534
Daniel Altmaier,Aleksandar Vukic,0.4324639141559601
Daniel Altmaier,Tomas Machac,0.4909144937992096
Daniel Altmaier,Aslan Karatsev,0.2358817160129547
Daniel Altmaier,Borna Gojo,0.3882170617580414
Daniel Altmaier,Alexandre Muller,0.5976898074150085
Daniel Altmaier,Tommy Paul,0.17843912541866302
Daniel Altmaier,Alexander Zverev,0.08713458478450775
Daniel Altmaier,Sebastian Ofner,0.5554858148097992
Daniel Altmaier,Cameron Norrie,0.22120000422000885
Daniel Altmaier,Filip Misolic,0.5240508317947388
Daniel Altmaier,Albert Ramos,0.485989511013031
Daniel Altmaier,Matteo Arnaldi,0.5141205191612244
Daniel Altmaier,Alexei Popyrin,0.37612757086753845
Daniel Altmaier,Andrey Rublev,0.051986366510391235
Daniel Altmaier,Frances Tiafoe,0.2525414228439331
Daniel Altmaier,Daniel Evans,0.20135356485843658
Daniel Altmaier,Gael Monfils,0.2543517202138901
Daniel Altmaier,Lorenzo Sonego,0.417771577835083
Daniel Altmaier,Francisco Cerundolo,0.4109781086444855
Daniel Altmaier,Ben Shelton,0.3724086284637451
Daniel Altmaier,Jannik Sinner,0.09183144569396973
Lorenzo Sonego,Daniil Medvedev,0.12140674889087677
Lorenzo Sonego,Arthur Fils,0.6294509619474411
Lorenzo Sonego,Grigor Dimitrov,0.32186438143253326
Lorenzo Sonego,Lorenzo Musetti,0.398355633020401
Lorenzo Sonego,J J Wolf,0.4741879105567932
Lorenzo Sonego,Jiri Lehecka,0.48982661962509155
Lorenzo Sonego,Roman Safiullin,0.5578425526618958
Lorenzo Sonego,Karen Khachanov,0.2729175388813019
Lorenzo Sonego,Stefanos Tsitsipas,0.15686778724193573
Lorenzo Sonego,Dominic Thiem,0.36327844858169556
Lorenzo Sonego,Aleksandar Vukic,0.534713625907898
Lorenzo Sonego,Tomas Machac,0.5887334048748016
Lorenzo Sonego,Aslan Karatsev,0.3357255458831787
Lorenzo Sonego,Borna Gojo,0.5033139586448669
Lorenzo Sonego,Alexandre Muller,0.6687590777873993
Lorenzo Sonego,Tommy Paul,0.2885942906141281
Lorenzo Sonego,Alexander Zverev,0.1635286808013916
Lorenzo Sonego,Sebastian Ofner,0.6436465978622437
Lorenzo Sonego,Cameron Norrie,0.33963075280189514
Lorenzo Sonego,Filip Misolic,0.6250245422124863
Lorenzo Sonego,Albert Ramos,0.5497225970029831
Lorenzo Sonego,Matteo Arnaldi,0.612136960029602
Lorenzo Sonego,Alexei Popyrin,0.47049954533576965
Lorenzo Sonego,Andrey Rublev,0.10491211712360382
Lorenzo Sonego,Frances Tiafoe,0.3542412668466568
Lorenzo Sonego,Daniel Evans,0.3104790449142456
Lorenzo Sonego,Gael Monfils,0.3500344157218933
Lorenzo Sonego,Daniel Altmaier,0.582228422164917
Lorenzo Sonego,Francisco Cerundolo,0.49988096952438354
Lorenzo Sonego,Ben Shelton,0.4846509248018265
Lorenzo Sonego,Jannik Sinner,0.17114569246768951
Francisco Cerundolo,Daniil Medvedev,0.07952094078063965
Francisco Cerundolo,Arthur Fils,0.6278863251209259
Francisco Cerundolo,Grigor Dimitrov,0.2741967588663101
Francisco Cerundolo,Lorenzo Musetti,0.36288659274578094
Francisco Cerundolo,J J Wolf,0.4647090286016464
Francisco Cerundolo,Jiri Lehecka,0.4845869392156601
Francisco Cerundolo,Roman Safiullin,0.5515808910131454
Francisco Cerundolo,Karen Khachanov,0.20843257009983063
Francisco Cerundolo,Stefanos Tsitsipas,0.10652101039886475
Francisco Cerundolo,Dominic Thiem,0.313091903924942
Francisco Cerundolo,Aleksandar Vukic,0.5267484188079834
Francisco Cerundolo,Tomas Machac,0.5847725868225098
Francisco Cerundolo,Aslan Karatsev,0.2869139611721039
Francisco Cerundolo,Borna Gojo,0.48332133889198303
Francisco Cerundolo,Alexandre Muller,0.6752821505069733
Francisco Cerundolo,Tommy Paul,0.22183094918727875
Francisco Cerundolo,Alexander Zverev,0.11200180649757385
Francisco Cerundolo,Sebastian Ofner,0.6423751413822174
Francisco Cerundolo,Cameron Norrie,0.2647152245044708
Francisco Cerundolo,Filip Misolic,0.616413027048111
Francisco Cerundolo,Albert Ramos,0.562795102596283
Francisco Cerundolo,Matteo Arnaldi,0.6068976074457169
Francisco Cerundolo,Alexei Popyrin,0.46401287615299225
Francisco Cerundolo,Andrey Rublev,0.06760804355144501
Francisco Cerundolo,Frances Tiafoe,0.29830119013786316
Francisco Cerundolo,Daniel Evans,0.2502037286758423
Francisco Cerundolo,Gael Monfils,0.30797816812992096
Francisco Cerundolo,Daniel Altmaier,0.5890218913555145
Francisco Cerundolo,Lorenzo Sonego,0.5001190304756165
Francisco Cerundolo,Ben Shelton,0.464706689119339
Francisco Cerundolo,Jannik Sinner,0.11793743073940277
Ben Shelton,Daniil Medvedev,0.07490922510623932
Ben Shelton,Arthur Fils,0.6684851348400116
Ben Shelton,Grigor Dimitrov,0.2751176059246063
Ben Shelton,Lorenzo Musetti,0.3786719739437103
Ben Shelton,J J Wolf,0.4910264313220978
Ben Shelton,Jiri Lehecka,0.5196984708309174
Ben Shelton,Roman Safiullin,0.5889421999454498
Ben Shelton,Karen Khachanov,0.2061241716146469
Ben Shelton,Stefanos Tsitsipas,0.10135267674922943
Ben Shelton,Dominic Thiem,0.32390478253364563
Ben Shelton,Aleksandar Vukic,0.5637838691473007
Ben Shelton,Tomas Machac,0.6244724243879318
Ben Shelton,Aslan Karatsev,0.29053620994091034
Ben Shelton,Borna Gojo,0.5227634906768799
Ben Shelton,Alexandre Muller,0.71595399081707
Ben Shelton,Tommy Paul,0.21776796877384186
Ben Shelton,Alexander Zverev,0.10920257866382599
Ben Shelton,Sebastian Ofner,0.6816691011190414
Ben Shelton,Cameron Norrie,0.25797848403453827
Ben Shelton,Filip Misolic,0.6549154222011566
Ben Shelton,Albert Ramos,0.6001263111829758
Ben Shelton,Matteo Arnaldi,0.6457915604114532
Ben Shelton,Alexei Popyrin,0.4899963438510895
Ben Shelton,Andrey Rublev,0.06383480131626129
Ben Shelton,Frances Tiafoe,0.29407262802124023
Ben Shelton,Daniel Evans,0.2502339333295822
Ben Shelton,Gael Monfils,0.3110872805118561
Ben Shelton,Daniel Altmaier,0.6275913715362549
Ben Shelton,Lorenzo Sonego,0.5153490751981735
Ben Shelton,Francisco Cerundolo,0.535293310880661
Ben Shelton,Jannik Sinner,0.11144399642944336
Jannik Sinner,Daniil Medvedev,0.46842315793037415
Jannik Sinner,Arthur Fils,0.9216840416193008
Jannik Sinner,Grigor Dimitrov,0.7349276542663574
Jannik Sinner,Lorenzo Musetti,0.812468409538269
Jannik Sinner,J J Wolf,0.8590473234653473
Jannik Sinner,Jiri Lehecka,0.8804912716150284
Jannik Sinner,Roman Safiullin,0.9040647745132446
Jannik Sinner,Karen Khachanov,0.6431984901428223
Jannik Sinner,Stefanos Tsitsipas,0.4957360774278641
Jannik Sinner,Dominic Thiem,0.8129114061594009
Jannik Sinner,Aleksandar Vukic,0.8968519866466522
Jannik Sinner,Tomas Machac,0.9147244691848755
Jannik Sinner,Aslan Karatsev,0.760702520608902
Jannik Sinner,Borna Gojo,0.8967367559671402
Jannik Sinner,Alexandre Muller,0.928529903292656
Jannik Sinner,Tommy Paul,0.6523067355155945
Jannik Sinner,Alexander Zverev,0.5037107169628143
Jannik Sinner,Sebastian Ofner,0.9271420389413834
Jannik Sinner,Cameron Norrie,0.6312884241342545
Jannik Sinner,Filip Misolic,0.9263557195663452
Jannik Sinner,Albert Ramos,0.879821166396141
Jannik Sinner,Matteo Arnaldi,0.9220453500747681
Jannik Sinner,Alexei Popyrin,0.8555743098258972
Jannik Sinner,Andrey Rublev,0.4497808516025543
Jannik Sinner,Frances Tiafoe,0.6995200514793396
Jannik Sinner,Daniel Evans,0.7023486793041229
Jannik Sinner,Gael Monfils,0.7746867388486862
Jannik Sinner,Daniel Altmaier,0.9081685543060303
Jannik Sinner,Lorenzo Sonego,0.8288543075323105
Jannik Sinner,Francisco Cerundolo,0.8820625692605972
Jannik Sinner,Ben Shelton,0.8885560035705566
